listing_source_id,title,description,image_url,image_filename,price,location,country,lng,lat,category,owner_source_id
40824219,Room close to  Manhattan for FEMALE guests,"This cozy spacious room includes a twin size bed, desk and chair for work, night stand and a wardrobe. Shared Bathroom & kitchen. <br />3 min walking to subway station. <br />15 minutes to Times Square!",https://a0.muscache.com/pictures/hosting/Hosting-40824219/original/70ab046b-23cb-4c19-a553-a45a891bb3e9.jpeg,,66.0,Unknown,United States,-73.91763,40.74698,cities,h:317540555
40833186,Soho LES East village private room downtown,,https://a0.muscache.com/pictures/1f093bbc-936c-4a8d-a386-c1e7f9bffe15.jpg,,,Unknown,United States,-73.99323,40.72314,cities,h:68718914
40837137,Sunset Park - Quiet and close to subway!,"Cozy, lovely bedroom with a comfortable full size bed , modern desk and chair. <br />You will share the bathroom and kitchen with the other two roommates.<br />Right in the sunset park of Brooklyn. Only 2 Blocks from the R Trains 45th street station , 20 min to Wall Street and 30min to NYU washington square.<br />Very close to a small park.<br />Note: only accept female",https://a0.muscache.com/pictures/01c4e91e-4012-4647-a264-c649794b2fc1.jpg,,,Unknown,United States,-74.00552,40.64607,cities,h:317770098
40838018,Cozy One Bedroom in Clinton Hill,"This sunny one-bedroom apartment is located in the heart of Brooklyn. The neighborhood is filled with gorgeous brownstones and tree-lined streets and is surrounded by wonderful amenities like the post-office and 24-hour laundromat only a block away. Also enjoy bars, cafes, and incredible restaurants just steps away from this amazing location.",https://a0.muscache.com/pictures/9322d54a-6eb7-41ef-afb2-d67ae6bfe6dd.jpg,,,Unknown,United States,-73.96115,40.6837,cities,h:17211451
40839416,ü™¥XL dojo üåæ shared green yogi palace apt üåø,"New York City living at its best. A massive, cozy, and green penthouse in the heart of the East Village. A spacious two floor-apartment, full of light, plants, and all you need to fully enjoy your stay. Prime location, private access to a shared-1,000 square ft rooftop. Within walking distance of the best bars, restaurants, landmarks and art galleries in the South of Manhattan!",https://a0.muscache.com/pictures/hosting/Hosting-U3RheVN1cHBseUxpc3Rpbmc6NDA4Mzk0MTY%3D/original/2d03a7ee-3d4f-4c8a-b333-fa29696fef28.jpeg,,76.0,Unknown,United States,-73.9827,40.72147,cities,h:4765305
40843980,Cozy 2 Bedroom Spacious Apartment near Manhattan,"This 2 bed. furnished apt on the 2nd fl. in Ozone Park, Queens, provides guests with the experience of real New York. Located in a diverse and friendly neighborhood and is close to the A train Rockaway Blvd station, JFK Airport & bus lines. Many restaurants and shopping retailers close by. The apartment features wood floors, crown molding and recessed lighting. The kitchen is equipped with all you need to prepare meals to enjoy at home.  Multiple windows in rooms prove lots of natural lighting.",https://a0.muscache.com/pictures/c5ca4ce9-8cb5-4a26-a118-28709b2c7ba0.jpg,,97.0,Unknown,United States,-73.84545,40.6823,cities,h:295370107
40844212,Beautiful apartment on quiet side of Bushwick,"Modern and cozy apartment in Bushwick. It is a new building and has lilac walls, beautiful wooden doors and floor. Large windows in the bedroom and AC in every room.",https://a0.muscache.com/pictures/3934d615-5afc-4362-8b3c-b52526e1b94a.jpg,,,Unknown,United States,-73.91363,40.69454,cities,h:288485926
40824301,Cozy room in Williamsburg,"This place is located in Williamsburg, close to popular restaurants and shops. Perfect for female guest  or a couple who are looking to come here for a longer stay and share my homey apartment.",https://a0.muscache.com/pictures/hosting/Hosting-40824301/original/22b72887-e020-46e5-bfb1-207f6ffab631.jpeg,,60.0,Unknown,United States,-73.94307731925448,40.713163020317545,cities,h:14890430
40825740,House of Oyo - A Historic Brownstone Mansion,"Located on the prestigious St. Marks Millionaire's Row, this limestone mansion is a step back in time...<br /><br />The home has 3 suites with private bathrooms, three parlours, a landing seating area, two outdoor spaces, dining room, laundry, full kitchen and private chef for hire. <br /><br />Decorative fireplaces, oversized windows, smart home, television and Alexa in each suite. There is a park and a museum across the street. Two trains are within a couple of short blocks.",https://a0.muscache.com/pictures/55752387-150b-4fda-9d00-404140e3556a.jpg,,425.0,Unknown,United States,-73.94123,40.67412,cities,h:7728754
2595,Skylit Studio Oasis | Midtown Manhattan Sanctuary,"Prime Midtown | Spacious 500 Sq Ft | Pyramid Skylight | Dedicated Workspace<br /><br />Live like a true New Yorker in this beautifully curated studio, your very own urban oasis in the vibrant core of Midtown Manhattan. Bathed in natural light from a stunning pyramid skylight, this spacious, top-floor retreat in a historic NYC brownstone blends comfort, culture, and convenience. Perfect for professionals, creatives, or anyone seeking an extended stay (3-12 months), it offers the full NYC living experience.",https://a0.muscache.com/pictures/hosting/Hosting-2595/original/481f4d62-b252-4411-ae94-ecec8e339126.jpeg,,240.0,Unknown,United States,-73.98559,40.75356,cities,h:2845
6848,Only 2 stops to Manhattan studio,"Comfortable studio apartment with super comfortable king size bed and  full kitchen and bathroom located in FABULOUS Williamsburg, Brooklyn.",https://a0.muscache.com/pictures/e4f031a7-f146-40fd-98fd-b399a940c505.jpg,,96.0,Unknown,United States,-73.95342,40.70935,cities,h:15991
6872,Uptown Sanctuary w/ Private Bath (Month to Month),"This charming distancing-friendly month-to-month home away from home located in Historic Harlem, Uptown Sanctuary is ideal for lovers of travel, work-life balance, art, soulful living,  culture, and kindness.<br /><br />Spacious bedroom available (if you require more space, please inquiry about the master bedroom with its own ensuite bathroom or renting the whole place).<br /><br />‚û® Minimum 30-day stay only, thank you for understanding!<br />‚û® Additional fees apply for events and must be approved in advance.",https://a0.muscache.com/pictures/miso/Hosting-6872/original/50573585-928d-4de4-8c3d-da27a5a2b179.jpeg,,59.0,Unknown,United States,-73.94255,40.80107,cities,h:16104
6990,UES Beautiful Blue Room,Beautiful peaceful healthy home,https://a0.muscache.com/pictures/45fb4ec7-6856-4e78-a8c4-56bb14a6c588.jpg,,73.0,Unknown,United States,-73.94759,40.78778,cities,h:16800
7064,"Amazing location! Wburg. Large, bright & tranquil","Large, private loft-like room in a spacious 2-story apt in the heart of Williamsburg, Brooklyn. The apt is in the heart of a vibrant neighborhood - while there's lots going on outside, inside it is peaceful inside, making it a beautiful base for your visit.",https://a0.muscache.com/pictures/13708959/7e745a2f_original.jpg,,,Unknown,United States,-73.95881,40.71248,cities,h:17297
7097,"Perfect for Your Parents, With Garden & Patio","Parents/grandparents coming to town or are you just here for work or play? You'll love this Victorian home. You will enjoy your own spacious bedroom and bathroom, with all the privacy you need. Garden access. Central air conditioning.  Hi-def 48-inch smart TV. High-speed internet. King-size bed. (Also a sofa bed if you don't want to share.) <br /><br />We try to greet you upon check-in.<br /><br />NYC short-term rental. registration #: OSE-STRREG-0000008.",https://a0.muscache.com/pictures/aaac19fc-4b4d-475e-8ae5-cd7da106341a.jpg,,216.0,Unknown,United States,-73.97389,40.69194,cities,h:17571
40846105,Comfortable Large Bedroom 1B,"The perfect location!  Only a 3-minute walk from the M subway station and 25 minutes to Manhattan. Close to eateries, cafes, grocery shopping!<br /><br />This is a quiet, newly renovated light filled bedroom, with strong WIFI and perfectly set up for a home-office.  Central AC and heating are included, as well as a free washer/dryer available for your use.<br /><br />Please note that the room is for 1 person only and you will be sharing the bathroom with up to 2 other guests.",https://a0.muscache.com/pictures/72fbc5b5-93df-4d09-818b-aa6920a36624.jpg,,83.0,Unknown,United States,-73.90286,40.70652,cities,h:302101015
40848653,Cozy Modern In-Unit Laundry Manhattan Apartment,This apartment has a rare in-unit washer. Fully renovated and peaceful getaway. <br /><br />‚ö°Ô∏è25 mins to Times Square<br />‚ö°Ô∏èDirect train line to 34st Penn Station <br />‚ö°Ô∏è2/3 EXPRESS TRAIN 2 MINUTE WALK<br />‚ö°Ô∏èSafe/Family orientated space,https://a0.muscache.com/pictures/eb201181-4fb1-43af-93a6-80b055f14d33.jpg,,,Unknown,United States,-73.9408,40.81632,cities,h:44369272
40861640,Essex House - Manhattan Luxury,"Live at the iconic Essex House, a luxury Art Deco hotel with 185 privately owned residences managed by Marriott. Built in 1931 as the largest and most luxurious hotel in Manhattan, it has been home to celebrities and captains of industry throughout the decades. Tenants are offered a full complement of white glove hotel services and world-class amenities including 24 hour in-room dining, valet, concierge and bell staff, a fitness center and spa, a business center and an award-winning restaurant.",https://a0.muscache.com/pictures/prohost-api/Hosting-40861640/original/44a1cd89-3a37-4cf2-9619-59a2513ee476.jpeg,,420.0,Unknown,United States,-73.97729,40.76561,cities,h:36793116
40864895,Brooklyn walk-up,,https://a0.muscache.com/pictures/088f5081-e6ef-4d90-8cab-ecc45167043a.jpg,,,Unknown,United States,-74.01262,40.60495,cities,h:318094946
40868745,The Zen Den btwn Bedford & Berry,"A Zen Den nestled between two of the main streets in Brooklyn, Bedford & Berry. A 7-10 minute walk to the L stop on Bedford and a 12 minute walk to the Marcy Ave stop off Broadway. The room is the recently converted downstairs. A ton of space if one wants to get a quick room workout in before hitting Williamsburg . Around the corner from La Superior it is in a prime location if you fancy the best margaritas and Mexico City Mexican in all of Brooklyn. Room is fitted with a king size bed.",https://a0.muscache.com/pictures/08849c42-6a7c-4eab-94ef-9c4164281dee.jpg,,,Unknown,United States,-73.96382,40.71478,cities,h:55607877
40869871,Sonder at One Platt | One-Bedroom Apartment,"Set yourself up for success at One Platt. A top choice for a remarkable New York stay. Each space features chic decor and a fully equipped kitchen. Looking for that iconic New York City skyline? The seasonal rooftop overlooks the city and Brooklyn Bridge. Our expansive lounge, communal kitchen, and co-working space are all yours to enjoy. Whatever calls you to New York, One Platt puts it all within your reach.",https://a0.muscache.com/pictures/prohost-api/Hosting-40869871/original/e0b00010-f0d0-422f-b9a5-10a36c536006.jpeg,,448.0,Unknown,United States,-74.00683,40.70797,cities,h:219517861
40870366,Winter artistic Bushwick Sublet Available,"It‚Äôs a large spacious room with natural light.<br />The apartment is super cute and cozy in a really great neighborhood! Just a 5 minute walk from the Gates and Halsey station - J stop. You'll have closet and dresser space for your things. <br /><br />****LAUNDRY IN FRONT OF THE BUILDING<br />**** KING SIZE BED - 6 amazing pillows<br />**** HUGE TV  - APPLE TV<br />**** TWO BIG SUPERMARKETS A 5MIN WALKING<br />**** COFFEE SHOPS, RESTAURANTS, BARS, THE BEST CLUBS.. ALL AROUND.<br />**** SUPER QUIET ROOMMATES.<br />**** TWO BIG BATHROOM",https://a0.muscache.com/pictures/abbf010d-cf3c-4e43-bf98-3faa4285e87f.jpg,,,Unknown,United States,-73.91803,40.68785,cities,h:318184283
40871135,Cozy cute eclectic downtown well lit Studio LES,"Hi!How are you?!If you want to feel apart of the local NYC crowd this will be perfect! A Walk up apt, block from Grand street, Nolita/ Soho. Walk up 4 floors, Cozy and fashionable studio for men or woman! Get ready to explore Nolita, Soho, tribeca & LES. I‚Äôm around in the same building to help with suggestions of where and what to do and what‚Äôs going on in New York City during your stay! brunch spots to cafes, As seen in the pictures this studio is cool, chic and very fun fashion vibes. Enjoy!",https://a0.muscache.com/pictures/bf81763e-f31b-4973-ad14-a225c2ead5ad.jpg,,,Unknown,United States,-73.99284,40.7197,cities,h:318194430
40871301,Cozy room 20 mins to the city!!!,Our apartment is fully renovated. <br />the room has a large closet and two windows where very good lighting enters,https://a0.muscache.com/pictures/577402be-1676-4a6b-a1ae-5efda37a2cc1.jpg,,,Unknown,United States,-73.91641,40.68977,cities,h:318199288
40873866,Home away from home,"Welcome to my beautiful home! The house is well-maintained, and any issues will be addressed promptly. I am dedicated to ensuring your safety and comfort. Conveniently located just a 5-minute walk from the L and 3 trains, it‚Äôs a 30-minute ride to Manhattan and 20 minutes from JFK and LaGuardia airports. You‚Äôre just a minute walk from the B15 bus to JFK, as well as nearby supermarkets, laundromats, restaurants, and convenience stores. Enjoy the tranquility of a quiet, working-class neighborhood!",https://a0.muscache.com/pictures/8905531d-30df-4ed8-a216-075a8f81fe4a.jpg,,99.0,Unknown,United States,-73.89367,40.65953,cities,h:143127602
40874667,Full size bed,"Welcome to my beautiful home!  What you see is what you get when you enter my home. The house is well kept. If there is a situation it will be fixed right away. I work hard to keep my guest safe and comfortable. I accept all background .5 minute walk to the L and 3 trains üöä. 30 minutes ride to Manhattan, 20 minutes from JFK and La Guardia. 1 minute walk to B15 bus to and from JFK ,1 minute walk to supermarket, laundromat, restaurants, and convenience stores. Quiet working class neighborhood!",https://a0.muscache.com/pictures/35e70a39-bcef-46dd-94cf-e4dc5ae43a68.jpg,,90.0,Unknown,United States,-73.89294,40.65797,cities,h:143127602
7801,Sunny Prime Williamsburg Loft with Sauna,"A huge loft in a repurposed factory building in the center of Williamsburg with beautiful sunlight, custom cedar sauna, multiple plush living rooms, a king bed, fully stocked chef's kitchen with dishwasher, bathroom with tub and shower, and lots of lounging spaces.",https://a0.muscache.com/pictures/miso/Hosting-7801/original/f31c7201-7f25-41eb-a34a-cd39b498c585.jpeg,,,Unknown,United States,-73.9561767578125,40.71880722045898,cities,h:21207
8490,"Maison des Sirenes1,bohemian, luminous apartment","Soak up the modern and vintage charm<br />of this beautiful 100 years old Brownstone . Eclectic accents include unique pieces from abroad , original artwork, and a comfy outdoor lounge area.",https://a0.muscache.com/pictures/1d0d9773-c829-4031-8a57-96e321905a1c.jpg,,170.0,Unknown,United States,-73.93963415175676,40.68455584344908,cities,h:25183
9357,Midtown Pied-a-terre,"PLEASE DO NOT REQUEST TO BOOK UNTIL WE HAVE MESSAGED EACH OTHER! This ensures we are a good match, and that my place is the right one for you. Thank you.<br /><br />Cozy & comfy studio on a quiet, tree-lined street, right in the heart of New York City!  Close to many subways with elevator & doorman.",https://a0.muscache.com/pictures/90036/4e606654_original.jpg,,175.0,Unknown,United States,-73.98664,40.76724,cities,h:30193
10452,Radiant Oasis  B&B Style room,Great location.,https://a0.muscache.com/pictures/9d79499f-7319-4086-8359-4df7cfb2e9ac.jpg,,90.0,Unknown,United States,-73.95682,40.68294,cities,h:35935
11943,Country space in the city,,https://a0.muscache.com/pictures/53007/d30884b6_original.jpg,,,Unknown,United States,-73.96327,40.63702,cities,h:45445
12192,ENJOY Downtown NYC!,"Easy access to all downtown has to offer!  One of the least expensive stays in all of Manhattan. East Village is known for being trendy, artsy, and home to diverse food, clubs, dives, street art, and the cultural heart of New York City. <br /><br />Apartment is in back of building and relatively quiet. Fast Wifi. Desk. Shared kitchen. Good fit for internship, relocating, or visit to NYC. <br /><br />Subways F, L, N, R, W, 6 within walking distance. Bus on corner. Citi Bike Station & laundry mat 1 block away.",https://a0.muscache.com/pictures/miso/Hosting-12192/original/0eea0b5f-5217-4aec-a206-c487234a6c6a.jpeg,,,Unknown,United States,-73.98383,40.72296,cities,h:46978
12937,"1 Stop to Midtown! Private Bedroom, Landmark House","Private room, dedicated bath in a single-family townhouse, where I live and work (architect/photographer ).<br />Totally renovated Queen Anne Historic Townhouse on a  Landmark Block.  <br />One stop from Manhattan!<br />Enjoy the rear private garden at breakfast time.<br />Smoking allowed in garden only.<br />A tree lined,quiet,residential street. <br />4 subway lines ( E, M, 7 and G ) are one block away!<br />Great restaurants, supermarkets and pharmacy nearby. <br />And a spectacular view of the Manhattan skyline is 4 blocks away.",https://a0.muscache.com/pictures/2053dcc6-7721-477f-b579-09ce4d4f7db5.jpg,,232.0,Unknown,United States,-73.94571,40.74757,cities,h:50124
12940,Charming Brownstone 3 - Near PRATT,"Super cute 1 bedroom apartment in a 100 year old, historical Brooklyn brownstone.  We are central in Brooklyn and right across the street from the subway.  Lots of Cafes and bars nearby.  10 minutes to lower Manhattan and SOHO, 30 minutes to Times Square.",https://a0.muscache.com/pictures/miso/Hosting-12940/original/f27a1f49-11d3-45fa-83c2-b744d42bd07e.jpeg,,151.0,Unknown,United States,-73.95417,40.67946,cities,h:50148
14314,Greenpoint Place...Has It All!,"Cozy, comfortable, one bedroom apartment on ground floor of detached Victorian home. Quiet, one way street with minimal traffic.",https://a0.muscache.com/pictures/cd3a00f3-a42d-416d-8073-da9e3c6c301f.jpg,,115.0,Unknown,United States,-73.95584,40.73535,cities,h:56246
15341,"* Lovely Nolita 1Bdrm w AC, Doorman & Elevator *","Greetings! <br /><br />Come relax here after your busy NYC days!<br /><br />This is a spacious 700 sqft, Lovely, One Bedroom in a Luxury Nolita Building with 24 hour lobby attendants, elevators, & gym.<br /><br />The Location is AMAZING and Convenient~ <br />with SoHo, the Lower East Side, Little Italy, Chinatown, Greenwich Village, and NYU all nearby.<br /><br />Whole Foods, New Museum Building, countless cafes, restaurants, boutiques, and many subway options, are all steps away.<br /><br />We look forward to welcoming you for a peaceful stay! :)",https://a0.muscache.com/pictures/0dd3d9cc-88be-48e3-8cac-8a28aaf586d4.jpg,,,Unknown,United States,-73.993668,40.721359,cities,h:60049
40886497,Charming 2 bedroom,"First floor charming 2 bedroom, located in a lovely Brownstone landmark building. The apartment has high ceilings, hardwood floors, abundance of sunlight, 2 spacious bedroom, living room -located on a lovely tree-lined landmark street in the heart of the historical district of Stuyvesant Heights and just a short walk to numerous subway lines for a quick trip to Manhattan, the c train on Throop Ave, and steps from the Fulton street, and the incredible shops and restaurants.",https://a0.muscache.com/pictures/5a37f058-bbed-42eb-8ee4-b4fc0d711ae4.jpg,,,Unknown,United States,-73.94086,40.67966,cities,h:30301198
40887882,Spacious fully furnished 2 BR near Central Park,"Experience a charming apartment in the heart of the Upper East Side on East 94th Street between 1st - 2nd Avenue (walk-up building) Perfect for couples, solo adventurers, business travelers, and families. Just steps from the Q subway station, Central Park, and the Guggenheim Museum. Discover designer stores and immerse yourself in the vibrant neighborhood. Book now and embrace the allure of the Upper East Side's prime location",https://a0.muscache.com/pictures/hosting/Hosting-U3RheVN1cHBseUxpc3Rpbmc6NDA4ODc4ODI=/original/2b5e11ab-d4f6-4012-8ec5-2f75e097d5dc.jpeg,,155.0,Unknown,United States,-73.95221,40.7836,cities,h:23772724
40888693,‚ù§Ô∏èCozy 2bd Apt in the Village! ‚ù§Ô∏è,"CORONAVIRUS UPDATE:<br />(My cleaners are using antiseptic and antibacterial products to fight COVID-19; they are being extra diligent in sanitizing the rooms including ‚Äì bathrooms, door handles, desk table and chairs, light switches, remote, safety latches and locks, common areas. We have enhanced our cleaning protocols to include additional sanitation and cleaning routines. This enhanced cleaning protocol increases the cleaning and sanitization of high-touch areas that affect guests and employees)",https://a0.muscache.com/pictures/ba9048a5-dead-4bab-9f77-b33b5f8f1b14.jpg,,,Unknown,United States,-73.97981,40.72106,cities,h:318425752
40889145,Apartment in Sunset Park Brooklyn 2 min from metro,"Chase bank and other banks nearby, immediate car service across the street. Pharmacy, Clothing and shoe stores nearby. Entire Apartment in a house of three floors. The metro/subway is 2 min down the block. This apartment is the third floor, we live downstairs but you will have privacy. One bedroom, with one bed, no couch.",https://a0.muscache.com/pictures/1a559ef5-57c6-4765-bdbc-087102cb90c9.jpg,,170.0,Unknown,United States,-74.01423,40.64264,cities,h:109853394
40889966,‰∏∫‰∫ÜËá™Áî±,,https://a0.muscache.com/pictures/03520ac1-5f53-4a98-8d74-cd904710389f.jpg,,,Unknown,United States,-73.81917,40.74234,cities,h:318440309
40890824,Central Park  1 Bedroom Loft With Private Terrace,"My apartment is a one bedroom loft located in the heart of the upper west side with beautiful, modern finishings including stainless steel appliances, hardwood floors throughout, tons of natural light and private outdoor balcony accessible via the living room.<br /><br />Neighborhood features:<br /><br />- 1 subway stop to times square <br />- 5 minute walk to Central Park<br />- 24 hour mini market in the building<br />- Trader Joes on the block<br />- 1 minute walk to subway <br />- 2 minute walk to Riverside park and the Hudson river",https://a0.muscache.com/pictures/dca8b2ac-ed8a-4dc6-982b-3a67b81bdd85.jpg,,,Unknown,United States,-73.98479,40.78104,cities,h:318453838
15396,Sunny & Spacious Chelsea Apartment,"Modern, spacious, bright and well designed apartment in Chelsea/Midtown Manhattan close to everything & a great spot to explore the city! <br /><br />Family-friendly space with great food shopping nearby. <br /><br />Also very well suited for business travelers.<br /><br />Minimum rental period: +30 nights",https://a0.muscache.com/pictures/575128a1-08e7-4ae8-8509-9610c688f56e.jpg,,,Unknown,United States,-73.99521,40.74493,cities,h:60278
16338,Large Room - Deck Access in Clinton Hill Best Area,"Good sized double room with a private deck!! on one of the nicest blocks in Clinton Hill.   I have a cat so sorry no pets.  Cat Lovers are a plus<br /><br />If you ask around, anyone will tell you that the Fort Greene/Clinton Hill area of Brooklyn is one of the coolest neighborhoods to be in. Lots of bars/restaurants. Lovely park and trees everywhere. Farmers market on Saturdays and much to do. Close to ALL the trains and buses.  My block is nice and quiet.",https://a0.muscache.com/pictures/miso/Hosting-16338/original/1b06d734-4e28-4060-8b08-2c17cd3e6c73.jpeg,,57.0,Unknown,United States,-73.96804,40.69121,cities,h:63613
16580,"Sunny, Modern room in East Village w City Views",This clean and very comfortable private room in the East Village has spectacular views of downtown Manhattan and is a block away from Tompkins Square Park. Am always excited to share the space with guests! Thanks for taking a look.,https://a0.muscache.com/pictures/37e211bb-6ef8-44b6-8022-7427e7a241a5.jpg,,227.0,Unknown,United States,-73.97625850509617,40.72372723229208,cities,h:64442
16821,Charming Room in Amazing East Village Apt. (B),"The apartment is among the best and most unique available in the lively East Village. It‚Äôs a second-floor walk up with a large kitchen, spacious living room, large back deck with bbq, wi-fi, pressed-tin ceilings, roof access, etc. It has a lot of character; a very homey but spacious feeling with high ceilings, lots of artwork, plants, books, hardwood floors, exposed brick, etc.",https://a0.muscache.com/pictures/airflow/Hosting-16821/original/e4018fde-baeb-41da-803b-1a99cedb4527.jpg,,202.0,Unknown,United States,-73.98501,40.72281,cities,h:4396
16974,SpaHa Loft: Enormous and Bright,"Our luxury loft occupies the entire second floor of an old warehouse with high ceilings, lots of windows, 4 bedrooms & 2 bathrooms. Perfect for shares, with a very large common space.  It's located next to a small park on a very quiet block. Supermarket is next door, and the subway five minutes away.",https://a0.muscache.com/pictures/miso/Hosting-16974/original/9cb3f191-dd71-4200-adbf-85aed712f02c.jpeg,,,Unknown,United States,-73.93762,40.8019,cities,h:65837
17037,Lovely EV Artist's Home,I am happy to host responsible visitors as my guests.  I am careful to make sure it is the right match for my home- Perfect for one or a couple but not more. This is an especially personable EV apt- please read the full description.  If you are interested please introduce yourselves and tell me a little bit about your stay in the city.  This is my home and it is important for me to know who is making the reservation.  Thank you.,https://a0.muscache.com/pictures/6477265/3746d647_original.jpg,,,Unknown,United States,-73.98028,40.72289,cities,h:66035
18152,Manhattan Room,"Please message me before making booking request.Instant booking is not accepted<br /><br />Located on Upper East Site (70‚Äôs) safe residential neighborhood<br /><br />-Share kitchen and bathroom with hostess and a cat<br /><br />-Near Central Park, public transportation, museum mile<br /><br />-Lines & towels provided, full size bed, laundromat in the building<br /><br />- There is outdoor public pool next to my building<br /><br />-Complimentary coffee/tea<br /><br />For my safety please put your picture",https://a0.muscache.com/pictures/2c371d89-e590-468e-97bc-d345670dd28c.jpg,,576.0,Unknown,United States,-73.94831,40.76967,cities,h:69942
18728,Beautiful Meatpacking District Loft,The hottest neighborhood in New York City! Now only accepting bookings of more than 30 days.,https://a0.muscache.com/pictures/460797/6182315b_original.jpg,,151.0,Unknown,United States,-74.00353,40.74261,cities,h:71876
18961,Cozy Studio in Great Location!,"This is a great fully furnished studio, lots of natural light during the day. Quiet and peaceful at night. Its the perfect location to see the city from and a cozy and clean space to stay in.",https://a0.muscache.com/pictures/412950/ff300ce7_original.jpg,,,Unknown,United States,-73.98001,40.73808,cities,h:70857
40891496,Elegant and Spacious Mid-Century Brownstone,"Beautiful brownstone in historic Bedford-Stuyvesant (Bed-Stuy), close to anywhere you'd like to go. Short walk to cafes/grocery/trains (JMZ/G) on a quiet and safe block.<br /><br />Large living room, kitchen, & media room, with abundant light throughout. <br /><br />Amazing furniture, Breville espresso machine, wine fridge, Viking appliances, high-quality Klipsch speakers and ceiling bluetooth speakers, access to secluded, private, and landscaped backyard is provided. <br /><br />A true oasis.",https://a0.muscache.com/pictures/miso/Hosting-40891496/original/d40f1e86-d730-4328-95ff-aef1ebec6834.jpeg,,444.0,Unknown,United States,-73.94186,40.69418,cities,h:20411840
40892321,Cozy Room located in ‚ù§Ô∏è Brooklyn 10m from Manhattan,,https://a0.muscache.com/pictures/6622096f-02a7-49fb-9fa0-3406006d1596.jpg,,,Unknown,United States,-73.96655,40.68411,cities,h:318182596
40893251,Private safe& CLEAN! Fantastic Close to all.,"Brand new renovated 3 bedroom with 2 full bath! Located in an upcoming neighborhood in Brooklyn with easy access to the train/metro station into Manhattan.<br /><br />Direct to downtown Wall Street, Statue of Liberty, Freedom Towers, midtown Empire State Building, Christmas Tree, Bryant Park, Times Square and more!!<br /><br />We are minutes away from historic Bed Stuy and night life of Williamsburg!<br /><br />In the neighborhood you will find stores, cafes, laundromat and restaurants.",https://a0.muscache.com/pictures/08cc2586-c42e-45e4-b3da-965553ccc14e.jpg,,,Unknown,United States,-73.92823,40.69499,cities,h:316886271
40894010,HOME AWAY FROM HOME!!,"‚Ä¢Beautiful, cozy and chic studio apartment in Sunnyside/Woodside. ‚Ä¢Less than twenty steps from the 7 train. ‚Ä¢Only a 19 minute subway ride or 22 minute taxi ride into Times Square, door to door. ‚Ä¢One full size tempurpedic bed and one full size super comfortable fold out sofa. ‚Ä¢Easily accommodates up to 4 adults. ‚Ä¢Large FULL kitchen and bathroom with absolutely everything you‚Äôll need, provided throughout the apartment.",https://a0.muscache.com/pictures/21279225-1365-4ded-861b-e38900e60b78.jpg,,,Unknown,United States,-73.91294,40.7428,cities,h:283430433
40894061,‚ô´ Musician's Studio ‚ô´ near Central Park (Sleeps 2),"This music inspired home is your perfect hub for your New York Stay. A short walk from both Riverside Park and Central Park, its convenient location makes it easy to enjoy restaurants, shopping, museums, and venues. Its cozy space will make you feel like a local!",https://a0.muscache.com/pictures/d59c0e97-d450-4cdc-9a2d-a30bf1d32772.jpg,,,Unknown,United States,-73.98592,40.77974,cities,h:318515549
19174,One bedroom Duplex Private Terrace West Village,"Chic Duplex with PrivateTerrace in NYC‚Äôs Golden Triangle! Stay in the heart of Chelsea, West Village, and Meatpacking! This charming one-bedroom duplex in a classic 1900s walk-up offers a private terrace with stunning views, a remodeled kitchen with high-end appliances, a washer-dryer combo, and a work-friendly setup with a desk, ergonomic chair, printer, and TV. Steps from top restaurants, boutiques, and multiple subway lines, it‚Äôs perfect for work or leisure in NYC‚Äôs trendiest neighborhood.",https://a0.muscache.com/pictures/754613/a59fa9f3_original.jpg,,200.0,Unknown,United States,-74.00207,40.73917,cities,h:73164
19812,2 bedroom Williamsburg Apt - Bedford L stop,"I love my apartment and I love being able to offer it to visitors. I know traveling is fun but also exhausting and I hope my house makes your trip a little easier and more personal feeling than some boxy hotel room. My apartment is sunny and bright and big, with high tin ceilings and loads of charm. It's near three different subway lines, is one stop from Manhattan and also the Wililamsburg Bridge is a few blocks away if you feel like taking a nice walk. There's also the ferry. So many options!",https://a0.muscache.com/pictures/101251/f297415e_original.jpg,,95.0,Unknown,United States,-73.95724,40.71802,cities,h:74857
20913,Charming 1 bed GR8 WBurg LOCATION!,"Two blocks from the subway and SO close to the famous Williamsburg ""hipster"" scene, this cozy, private apartment is perfect for a couple looking to experience all NYC has to offer and still go home to a safe, quiet place of their own.",https://a0.muscache.com/pictures/464331/d81eaf94_original.jpg,,,Unknown,United States,-73.95922,40.70967,cities,h:79402
21456,Light-filled classic Central Park,"An adorable, classic, clean, light-filled one-bedroom apartment with windows in each room that overlook the courtyards of historic row-houses.  A great retreat after a day exploring the city...and one block from lovely Central Park!  ",https://a0.muscache.com/pictures/111808/a9460803_original.jpg,,112.0,Unknown,United States,-73.96155,40.79936,cities,h:42032
21644,"Upper Manhattan, New York",A great space in a beautiful neighborhood- minutes from Columbia University!,https://a0.muscache.com/pictures/43197335/5c7a2716_original.jpg,,,Unknown,United States,-73.9473,40.82782,cities,h:82685
21794,COZY QUIET monthly room 4 DOOGLERS!,"Private, quiet and comfortable room with a loft bed & a chaise lounge, work desk, fresh white bed linens & comforter along with plush white bath towels, extra blankets, TV, DVD player, cable, wireless wifi, a small fridge, iron & board & Keurig Coffee maker. Air conditioning in summer. Ask about monthly discount <br /><br />Search engine G people (Interns, DOOGLERS, Greyglers & regular G‚Äôs) LOVE to stay here during their 3 month internships. Just pop out of bed & run across the street to work.",https://a0.muscache.com/pictures/15c725b5-5692-4b08-8718-0b5fdb54b8b2.jpg,,85.0,Unknown,United States,-74.00223,40.74187,cities,h:83257
23135,@HouseOnHenrySt Private 1 bedroom with shared use,"Come stay in your home away from home!<br /><br />My charming apartment is located in Carroll Gardens, part of old Brownstone Brooklyn.  It boasts plenty of sun, brick exposed walls, hard wood floors throughout, a tub/showered bathroom, a private bedroom and a fully equipped kitchen.  <br /><br />Please note, this is a residential home and as such I ask that guests respect my designated quiet hours between 10 p.m. and 8 a.m. <br /><br />Thanks and I do hope you will visit us soon at House on Henry!",https://a0.muscache.com/pictures/75730d6f-14d0-49f4-8358-8a624efc9c17.jpg,,,Unknown,United States,-74.00146,40.67747,cities,h:11481
23545,Upper Upper West Side Garden Apartment Townhouse,With a Backyard!  A beautiful home away from home for your stay here in New York City. <br /><br />This is a 30 day listing.,https://a0.muscache.com/pictures/hosting/Hosting-U3RheVN1cHBseUxpc3Rpbmc6MjM1NDU=/original/425395d9-ebc9-4002-ae50-ec0573a5e78a.jpeg,,200.0,Unknown,United States,-73.95138,40.82825,cities,h:92411
24285,Beautiful 3 bedroom & 3 bathroom Duplex Apartment,"The apartment is located in the Park Slope. We have have many bars, diners, restaurants. We are 15 minutes away from the local subway where you can take the F or R train to Manhattan. You can take the F,G, and R to Queens as well. We do not allow any pets so please don‚Äôt ask us if you can bring your dog or cat. Thank you",https://a0.muscache.com/pictures/2c561134-1d30-433e-876e-23dcdddc7996.jpg,,201.0,Unknown,United States,-73.98026,40.67115,cities,h:97797
40894601,Beautiful space at the heart of NYC!,"A beautiful studio located close to Little Italy.  Close to the Brooklyn bridge, subway stations and many restaurants and bars.<br /><br /><br />Use of fully stocked kitchen with updated appliances.",https://a0.muscache.com/pictures/miso/Hosting-40894601/original/a44b5252-1ab6-4bdb-be90-bf8a13d82e2e.jpeg,,,Unknown,United States,-73.97659,40.76344,cities,h:1423098
40896294,"Spacious, Bright apartment at Inwood, Manhattan","Spacious, bright 1 bedroom apartment located in vibrant Inwood.  Everything you may need is one block away - restaurants, coffee shops, supermarkets, delis, etc.  Walking distance from The Cloisters and Inwood Hill Park.  Subway express train A, as well as numerous buses stops, less than one block away.",https://a0.muscache.com/pictures/0e974f26-5597-475b-97d1-a59943adaede.jpg,,,Unknown,United States,-73.92702,40.86725,cities,h:261682551
40896611,The Grand V ‚Ä¢ Vibe 8632,"Experience The Grand V, a chic studio on the fifth floor in Midtown, New York. Elevator access and a kitchen with a stove, oven, and dishwasher make it a great choice for two guests. Wi-Fi, air conditioning, and a TV provide convenience, while family-friendly features ensure comfort for all visitors.",https://a0.muscache.com/pictures/fa69d86d-c4ab-4a79-bbb7-2845b693f4e1.jpg,,169.0,Unknown,United States,-73.97774505615234,40.75024032592773,cities,h:61391963
40896785,Luxurious KING  1 BR - Plenty of Living/Work Space,"Extra Large Apartment with King master suite, located just 1 block from Grand Central. This is an updated apartment that features:<br />-Spacious Living room with plenty of space to lounge <br />-Separate windowed kitchen with Quartz Counter tops, and updated appliances. <br />-Dining Area off kitchen with large table to eat or use as a work space.<br />-King Bedroom, contemporary bed side lamps mounted to the wall.<br />-Plenty of closet space<br />-Beautiful Building with an elevator, and laundry room.",https://a0.muscache.com/pictures/ed615af6-bb21-4e16-a3e0-a2a134fc163e.jpg,,,Unknown,United States,-73.97815,40.74913,cities,h:61391963
60666,City Room - Private Luxury Suite,The Private Luxury Suite come with its own private bathroom.  It is a spacious room and it is nicely decorated.  the room is in the back of the house and is therefore very quiet.  It has 2 large windows that overlooks the garden.   In the Spring summer and fall the flowers and veggie are beautiful to look at from the windows.  You will love it here.,https://a0.muscache.com/pictures/1a14f599-1e9c-4d99-925d-32771bf06f13.jpg,,60.0,Unknown,United States,-73.94559,40.81006,cities,h:256161
60673,Private Room/bath Luxurious Harlem,,https://a0.muscache.com/pictures/12312581/8e1bbcf5_original.jpg,,,Unknown,United States,-73.94674,40.81562,cities,h:249372
60680,"Bright, High Ceiling, Spacious & Cozy 1BR - Enjoy!","You will have this entire 1 bedroom apartment all for yourself! <br /><br />My high ceiling 1 bedroom apartment is located in the heart of the bohemian, eclectic, energetic East Village, with the best food, night, music and bar scene, while tucked away on a quiet, peaceful, tree-lined street, next to the beautiful Tompkins Square Park. It doesn't get better than this in NYC! :)",https://a0.muscache.com/pictures/hosting/Hosting-60680/original/f2f15d92-65af-40aa-958e-e07aef0d631e.jpeg,,150.0,Unknown,United States,-73.97978,40.72598,cities,h:292630
25406,"Modern Brooklyn Apt., August sublet","Seeking responsible and considerate sublet tenant for 1 month (Aug 1‚ÄìSept 3). Asking $3000/month‚Äîthat's only $100/day‚Äîa RARE FIND for all this! All utilities, including wifi and cable, are included.",https://a0.muscache.com/pictures/4d80e171-a948-4c21-9a68-e44024a3d08e.jpg,,,Unknown,United States,-73.94865,40.71649,cities,h:105538
26785,Park Slope Green Guest House,"PLEASE NOTE: ALL POTENTIAL GUESTS MUST  INQUIRE DIRECTLY BEFORE BOOKING!  A private ""Studio Plus"" apt. that's cozy and light in Brooklyn's best area. Close to F, R, and G subway lines. Includes utilities, smart TV, Wifi, fully stocked kitchen and more! <br /><br />We are currently looking to rent this apartment for a minimum of 6 months with a preference for a 1 year rental. AGAIN, PLEASE DO NOT AUTOMATICALLY BOOK WITHOUT FIRST INQUIRING about details and possibilities!",https://a0.muscache.com/pictures/513490/ccd04024_original.jpg,,90.0,Unknown,United States,-73.98723,40.6686,cities,h:42273
27883,East Village Sanctuary,"Sorry, this listing is no longer available.",https://a0.muscache.com/pictures/2125269/6f827785_original.jpg,,,Unknown,United States,-73.98509,40.72421,cities,h:120223
28907,Garden studio in the Upper East Sid,"Recently renovated Studio, Approximately 400 square feet + a sunroom about 100 sqf, Sleeps 4, has a private garden approximately 100 square feet.<br /><br />Building: On the Upper East Side, this New York apartment is located on the ground floor of a five-story building.",https://a0.muscache.com/pictures/f8178204-d084-4f26-bb43-905b6606d44f.jpg,,,Unknown,United States,-73.94669,40.77827,cities,h:124352
29013,Cozy Gorgeous Room,Relaxing,https://a0.muscache.com/pictures/16335918/f3d34922_original.jpg,,90.0,Unknown,United States,-73.95646,40.68288,cities,h:35935
29628,"Comfortable, Sunny Room",* Fully vaccinated * üòä<br /><br />Below are memberships to museums I have and you are welcome to use:<br /><br />‚Ä¢ The Whitney Museum ($60)<br />‚Ä¢ The Guggenheim ($60)<br />‚Ä¢ The Metropolitan ($60 - The Met Cloisters included $60)<br />‚Ä¢ The MOMA ($60 - PS1 included $20)<br />‚Ä¢ Brooklyn Museum ($40)<br />‚Ä¢ Brooklyn Botanic Gardens ($44)<br />‚Ä¢ The American Museum of Natural History ($56)<br /><br />Savings for TWO adults listed in parentheses. If you were to hit every one of these 10 museums you will save $532,https://a0.muscache.com/pictures/airflow/Hosting-29628/original/645b1ab1-e232-4dfc-b2de-bb6414d01c83.jpg,,149.0,Unknown,United States,-73.96381,40.68292,cities,h:127608
31130,Entire apartment _Most central location!,"There‚Äôs two bedrooms, one will be locked. You‚Äôll have the whole apartment for yourself with a separate kitchen and super quiet bedrooms. Q size bed, desk, You have everything you need for comfortable short stay. <br />Most central location, a block away from Central Park/Columbus Circle/ Broadway shows, Lincoln Center, Carnegie Hall, MOMA and much more!<br />This is a small, intimate building, so I'm looking for a quiet, respectful person coming to explore New York, study or work, but traveling light.",https://a0.muscache.com/pictures/e0c6d303-520d-4220-944e-86491698db06.jpg,,170.0,Unknown,United States,-73.98464,40.7672,cities,h:117287
31555,Luminous Beautiful West Village Studio,"Wonderfully bright, nicely furnished 400-square-foot West Village studio in an elevator building on one of the best blocks in Manhattan. I've lived here for a long time and I still love coming home to this space. Just out the door are many of New York's best bars and restaurants, and prettiest streets. Inside is a peaceful haven from the city, with high ceilings, windows in the main bed/living room, kitchen, and bathroom.Everything is here to help you enjoy an amazing visit to this city!",https://a0.muscache.com/pictures/70290811/e989b72a_original.jpg,,,Unknown,United States,-74.00281,40.73405,cities,h:135619
31902,Sanctuary in East Flatbush,Come and Stay in a warm and nurturing environment in Brooklyn.  Perfect for responsible artists or Family looking for space to create and rest.,https://a0.muscache.com/pictures/74729149/1220c9a8_original.jpg,,,Unknown,United States,-73.93184,40.6327,cities,h:137292
31994,Room with En Suite Bathroom & Deck,"Mature, chilled and quiet",https://a0.muscache.com/pictures/619793/f15e3181_original.jpg,,122.0,Unknown,United States,-73.96383,40.68818,cities,h:137814
60794,"Bright and spacious, garden below!",We've spent 14 years making our apartment feel like home. We hope it will feel like home to you! Spacious for a few or economical for a group.,https://a0.muscache.com/pictures/371102/70bbe573_original.jpg,,,Unknown,United States,-73.96248,40.79918,cities,h:293394
61406,Great room in great location,"Excellent neighborhood. Close to Central Park and Morning side park. Plenty of restaurants, delis, supermarkets, wine store.<br />Safe , close to midtown .<br />Quiet and artist.",https://a0.muscache.com/pictures/miso/Hosting-61406/original/8492dc20-e625-403e-a2ab-59c94f88bcc2.jpeg,,75.0,Unknown,United States,-73.95635,40.80371,cities,h:297176
62925,Beautiful Landmarked Duplex,,https://a0.muscache.com/pictures/hosting/Hosting-62925/original/282e449b-8c2a-4d22-9be6-6933bff7b016.jpeg,,285.0,Unknown,United States,-73.95352,40.72967,cities,h:306739
63610,Dominique's mini guest suite w/private bath* Metro,"**Clean accommodations**<br />safe home-sleeps max 3 w/ folding cot bed....<br />*near metro*<br /><br />A unique mini/efficiency pad can sleep 3 with an additional folding cot bed. Has private   bath, equipped with TV, microwave,cafe table & chairs,  minifridge, coffeemaker <br />**(No Stove/kitchen)**<br /> queen bed, <br /> chest, complimentary coffee/tea, 6 mins walk to NYC subway, mins to  Shopping malls *with over 100 shops, eateries. <br />Street parking<br />No smoking/no events/no crowds.<br />***************",https://a0.muscache.com/pictures/78b3064e-40e6-4617-b5dd-f60a7354c2a1.jpg,,125.0,Unknown,United States,-73.83511,40.881,cities,h:310670
32037,Huge Private  Floor at The Waverly,"Spacious studio in one of the city‚Äôs best neighborhoods! Convenient to transportation, great restaurants, zoo, museum, parks, theater, and cinema, plus shopping. You‚Äôll love it here!",https://a0.muscache.com/pictures/667718/7eeb8318_original.jpg,,,Unknown,United States,-73.96648,40.68513,cities,h:116599
33009,Retreat in Williamsburg,"A calm, peaceful, private home away from home.",https://a0.muscache.com/pictures/3444595/0e8dfd7f_original.jpg,,,Unknown,United States,-73.95899,40.71512,cities,h:143027
36647,"1 Bedroom & your own Bathroom, Elevator Apartment","Private bedroom with your own bathroom in a 2 bedroom, 2 bathroom, modern-style furnished elevator condo, 2007 built.",https://a0.muscache.com/pictures/miso/Hosting-36647/original/c4dca592-e4a3-4502-98e5-71202939fc6b.jpeg,,,Unknown,United States,-73.94074249267578,40.79245376586914,cities,h:157798
38663,Luxury Brownstone in Boerum Hill,"Beautiful, large home in great hipster neighborhood. Big backyard, perfect for kids!",https://a0.muscache.com/pictures/miso/Hosting-38663/original/496f81f2-1443-4cc5-b90c-d8dedecbf42f.jpeg,,765.0,Unknown,United States,-73.98068,40.68442,cities,h:165789
38833,Spectacular West Harlem Garden Apt,"This place is for TWO people maximum . This is a very large and unique  space. An incredibly quiet house on one of the nicest blocks in Manhattan. Its a very spacious (800 sq ft)  home with an 800 sq ft garden /patio with right outside your bedroom door ! Despite the country-quiet, you are only 100 feet away from the subway which gets you in to the center of Manhattan in 8-10 minutes‚Ä¶ I am always available to help as I live on the premises :)<br />No pets allowed without consent.",https://a0.muscache.com/pictures/d621ba91-25ac-4ee2-b27e-052063058b8d.jpg,,,Unknown,United States,-73.9466707,40.8180576,cities,h:166532
39282,‚ÄúWork-from-home‚Äù from OUR home.,"*Monthly Discount will automatically apply <br />NOTE: this is a PRIVATE ROOM in a SHARED apt with the HOSTS and other AIRBNB GUESTS‚Ä¶ we, the hosts, will be present in the unit with you,<br /><br />Your home-office away from home. Guests enjoys a private, well appointed room perfect for tele-commuting, etc...outfitted with a proper desk and chair, high speed internet, air/heat, in addition to a comfy bed and lots of natural light.<br />* Bookings for MORE than 1 guest are limited to 7 days",https://a0.muscache.com/pictures/ef8f43ad-d967-4309-aa3c-b6b4fb5ca59d.jpg,,147.0,Unknown,United States,-73.95087432861328,40.71065139770508,cities,h:168525
39593,A lovely room w/ a Manhattan view,"A private, furnished  large room to rent from Jan/2026 for a min. stay of 180 nights (6 months) in an apt unit w/ a city view, near the historic Sunnyside Garden. 3 stops to Lex 59th and 7 stops to Grand Central via subway #7, Q60 & Q32 bus lines in 1.5 blocs; easy transfer to E/F/N/G lines for midtown, downtown & Brooklyn. Non-smoking, no-drinking, no-pet woman-to woman share only (shared bathroom). Two references may be required.",https://a0.muscache.com/pictures/0b9110f7-3b24-47aa-88d6-a65e2dc56751.jpg,,,Unknown,United States,-73.92318,40.74523,cities,h:110506
39704,"Private, Large & Sunny 1BR w/W&D",It's a No Brainer:<br />‚Ä¢Terrific Space For Less Money<br />‚Ä¢Save on Meals with a kitchen<br />‚Ä¢ Pack less with Washer & Dryer<br />‚Ä¢Live Like A Local!<br />-Satin pillowcases provided upon request.<br />‚Ä¢https://www.airbnb.com/locations/new-york/bedford-stuyvesant,https://a0.muscache.com/pictures/0bc4e8a4-c047-48ac-b854-799f283a26a0.jpg,,,Unknown,United States,-73.94594,40.68216,cities,h:170510
63657,"Private, Large & Sunny Top Floor Apt  w/W&D",It's a No Brainer:<br />‚Ä¢Terrific Space For Less Money<br />‚Ä¢Save on Meals with a kitchen<br />‚Ä¢Pack Less Clothes with a washer & dryer<br />‚Ä¢Live Like a Local!<br />-Satin pillowcases provided upon request.<br />‚Ä¢https://www.airbnb.com/locations/new-york/bedford-stuyvesant,https://a0.muscache.com/pictures/65005c98-adf7-49de-b452-77b95a5ae0c5.jpg,,,Unknown,United States,-73.94295,40.68253,cities,h:170510
64015,Prime East Village 1 Bedroom,,https://a0.muscache.com/pictures/53403746/db89b8b3_original.jpg,,,Unknown,United States,-73.9842,40.72863,cities,h:146944
64314,cozy bedroom in lovely garden apt,,https://a0.muscache.com/pictures/e358aa98-86a1-4a3e-ac24-81b1d5bfae4d.jpg,,72.0,Unknown,United States,-73.95143,40.67634,cities,h:314256
64365,Crown Heights Garden Apt.,,https://a0.muscache.com/pictures/410473/0c6f896e_original.jpg,,57.0,Unknown,United States,-73.95072,40.67579,cities,h:314582
65615,Farmhouse Apartment in Williamsburg,"Sublet-Fun and Dreamy 1 Bedroom includes WIFI/Utilities (Williamsburg, Brooklyn)<br /><br />Our entire fabulously furnished 1 Bedroom apartment is available with flexible dates while we are away. It is located near the coolest cafes, hardwood floors throughout, vintage clothing stores, health food markets, trains 5-10 minutes from Manhattan (L, J, M, & Z).",https://a0.muscache.com/pictures/82915931/2cac9434_original.jpg,,,Unknown,United States,-73.95178,40.7106,cities,h:320761
65660,Bright+Spacious Williamsburg Abode!,"This bright one bedroom apartment is located in the lovely Southside of WIlliamsburg, Brooklyn. There is plenty of sunshine and space for 1-2 people to sleep, work, cook, eat and do whatever else your heart desires in this great city!",https://a0.muscache.com/pictures/hosting/Hosting-U3RheVN1cHBseUxpc3Rpbmc6NjU2NjA=/original/46709a43-f352-464f-a4d5-665432b0e864.jpeg,,108.0,Unknown,United States,-73.94792,40.70797,cities,h:320538
66008,Charming Carroll Gardens Guest Suite,,https://a0.muscache.com/pictures/1875911/5e18a2b5_original.jpg,,225.0,Unknown,United States,-73.99328,40.68028,cities,h:322884
66251,East Village Loft with Piano & Patio,"Comprising the entire second floor of a tenement building built in 1881 and renovated in 2007, this 750 sq.ft. loft-like studio apartment has a rough facade with a warm interior.  It features walnut floors, custom soundproof windows and blinds, exposed beam ceilings, exposed brick walls, slate bathroom, fully stocked pro-style kitchen, washer and dryer, a 51"" upright piano, and a spacious 132 sq.ft. private outdoor deck.",https://a0.muscache.com/pictures/6e1e7025-da76-433e-b10a-f608160468ff.jpg,,349.0,Unknown,United States,-73.98619,40.72547,cities,h:324460
66974,"Lovely, Modern, Garden Apartment","Modern and spacious one plus bedrooms in a quintessential Brooklyn neighborhood, with a private entrance and a back patio where you will enjoy relaxing after a busy day of sightseeing. Safe and quiet with all amenities within a few minutes walk.",https://a0.muscache.com/pictures/miso/Hosting-66974/original/7b48b06e-6651-47bd-a482-71ed1dc80142.jpeg,,209.0,Unknown,United States,-73.99102,40.68088,cities,h:329436
42300,Beautiful Lower East Side Loft,"Architect-owned loft is a corner unit in a beautiful prewar building looking onto Sara Roosevelt Park and downtown with tons of light through out the day and sunset views over downtown.  Its design won Best of the Year award and has been published in Interior Design Magazine, amongst many others.  Easy access to the subway and great bars  & restaurants. The unit is a 5th floor walk-up (no elevators)<br />It's the apartment we live in and do not rent often. We DO NOT offer discounts or special pricing.",https://a0.muscache.com/pictures/0e285e13-ee14-4c03-851b-d961f14a9405.jpg,,563.0,Unknown,United States,-73.99167,40.71992,cities,h:184755
42729,@HouseOnHenrySt - Private 2nd bedroom w/shared use,,https://a0.muscache.com/pictures/925fe213-f5e1-4179-8abc-c1a0e9eac540.jpg,,254.0,Unknown,United States,-74.00062,40.67813,cities,h:11481
44229,BROOKLYN VICTORIAN STYLE SUITE.....,"Very Large room with King size Bed and your very own bathroom, very own wifi .",https://a0.muscache.com/pictures/4310619/ca719b92_original.jpg,,110.0,Unknown,United States,-73.97108,40.69287,cities,h:181376
45542,Clean and Cozy Harlem Apartment,,https://a0.muscache.com/pictures/e8ba3486-6013-4504-b1f1-955d17178607.jpg,,,Unknown,United States,-73.93842,40.82569,cities,h:202249
45910,Beautiful Queens Brownstone! - 5BR,,https://a0.muscache.com/pictures/a308e431-58d0-4328-8e7c-0e7a94d18e14.jpg,,428.0,Unknown,United States,-73.89963,40.70309,cities,h:204539
45935,Room in Beautiful Townhouse.,"Single bedroom available in 3 bedroom apartment in quiet, clean Mott Haven Townhouse. Close to #6 Lexington Avenue train, short ride to Yankee Stadium, 5 minutes to Manhattan.  Nearby Tri Boro Bridge to Brooklyn and Queens, and the Major Deegan Expressway.  Shopping, restaurants, and transportation in the area.",https://a0.muscache.com/pictures/261278/104a6ca4_original.jpg,,60.0,Unknown,United States,-73.92201,40.80635,cities,h:204586
45936,Couldn't Be Closer To Columbia Uni,,https://a0.muscache.com/pictures/734079/4c498d0d_original.jpg,,99.0,Unknown,United States,-73.95985,40.8063,cities,h:867225
46544,Park Slope haven 15 mins from Soho,"Lovely, sun-filled 1-bedroom apartment in the best neighborhood of Brooklyn ‚Äî Park Slope. Very friendly brownstone building in a great, safe area with tons of amazing restaurants and shops close by. Also four blocks from every major express train! The apartment was recently renovated so all of the photos except the main photo are old. New photos coming soon.",https://a0.muscache.com/pictures/hosting/Hosting-46544/original/99b1935c-d7ff-4ce8-88d4-7fde134f9fb1.jpeg,,,Unknown,United States,-73.97978,40.67979,cities,h:8198
46911,Large Room pr/h Br/St in Park Slope,"Sleep in a light filled,, quiet room,on a firm King size bed. 4th floor, no elevator. Near subways, hospitals, many restaurants, and amenities. 15 minute to Manhattan. Minimum 3 day stay.  Fast WiFi ,TV with 200+ channels.  Air conditioning. Sheets/Towels provided weekly. Work Station with multiple electric outlets. Great for Medical students. Hair dryer Room equipped with a small fridge ,microwave, Toaster,electric kettle. Near Crunch gym. There are stairs to the room. I live in the Apartment",https://a0.muscache.com/pictures/513527/7f01d44b_original.jpg,,86.0,Unknown,United States,-73.9746189673198,40.68009896425498,cities,h:210746
49048,Dreamy Loft Style w own bathroom,"Enjoy a great stay in this spacious warm inviting guest room, on its own floor with a private bathroom tailored to the needs of private and business travelers alike.<br /><br />Quiet and relaxing with a double bed and comfortable full-size futon bed, air conditioner, an additional work area with free internet access and a walk-in closet plus additional storage closet<br /><br /><br />Included:<br />All Utilities<br />Comfortable bed (with fine linens, and towels)<br />Fully equipped Kitchen and bath<br />TV,  Wireless internet",https://a0.muscache.com/pictures/hosting/Hosting-49048/original/99932186-2286-488a-af1f-019ce7cc36d9.jpeg,,95.0,Unknown,United States,-73.95701,40.6829,cities,h:35935
51438,1 Bedroom in 2 Bdrm Apt- Upper East,,https://a0.muscache.com/pictures/295614/fffe7920_original.jpg,,,Unknown,United States,-73.95308,40.77449,cities,h:236421
67299,Cozy Garden Apartment  in Williamsburg,"Come stay in the best location in Williamsburg! You will be just a few blocks away from restaurants, movie theaters, bars,  gift shops, book stores as well as high end chain stores. There are plenty of Gyms, Pilates and Yoga studios. Domino Park on the waterfront that has spectacular views of Manhattan is two blocks away.<br /><br />Enjoy all the comforts of home while you explore one of the hippest neighborhoods in Brooklyn, if not in the world.",https://a0.muscache.com/pictures/pro_photo_tool/Hosting-67299-unapproved/original/fadb4e00-7d0f-4bb0-aeba-6935f994587a.JPEG,,180.0,Unknown,United States,-73.96448,40.71516,cities,h:330347
68253,Room in the heart of Astoria,,https://a0.muscache.com/pictures/61b296eb-2adc-4408-96eb-b4a2e5dd0e6a.jpg,,,Unknown,United States,-73.92099,40.76336,cities,h:67730
68735,Prewar Penthouse w Private Terrace,,https://a0.muscache.com/pictures/546735/a9e3d22d_original.jpg,,190.0,Unknown,United States,-73.97459,40.78846,cities,h:342054
68974,Top floor light filled loft on the Bowery,"The loft on the Bowery is a very unique home and one I have loved for 15 years. Everyone who lives in the building is involved in the arts or design which creates a very special place. The neighborhood is burgeoning with new restaurants and shops yet retains its history. You will find museums, art galleries, amazing restaurants and great shopping. I couldn't love my neighborhood more and I hope you will enjoy it as much as I do.",https://a0.muscache.com/pictures/airflow/Hosting-68974/original/0d346dae-f762-44d4-bcc5-39bf68651d2d.jpg,,658.0,Unknown,United States,-73.99487,40.72,cities,h:281229
71384,Gigantic Private Brooklyn Loft!,,https://a0.muscache.com/pictures/1264087/117c93c6_original.jpg,,,Unknown,United States,-73.95588,40.72919,cities,h:365153
72190,1BR: See Central Park from Terrace!,"Gorgeous apartment, and convenient Upper West Side location! Close to subways, Central Park, Lincoln Center, and Beacon Theatre. 1 Queen bed, plus a comfy pull-out couch, and large outdoor space. 1 floor walk-up. Welcome and enjoy...",https://a0.muscache.com/pictures/24983832/9bca369b_original.jpg,,,Unknown,United States,-73.97691,40.77743,cities,h:373085
